date;amount;cumulative
2019-04-09;-14000,0;-14000,0
2019-04-10;0,0;-14000,0
2019-04-11;0,0;-14000,0
2019-04-12;0,0;-14000,0
2019-04-13;0,0;-14000,0
2019-04-14;0,0;-14000,0
2019-04-15;0,0;-14000,0
2019-04-16;0,0;-14000,0
2019-04-17;0,0;-14000,0
2019-04-18;0,0;-14000,0
2019-04-19;0,0;-14000,0
2019-04-20;0,0;-14000,0
2019-04-21;0,0;-14000,0
2019-04-22;0,0;-14000,0
2019-04-23;-2000,0;-16000,0
2019-04-24;0,0;-16000,0
2019-04-25;-4000,0;-20000,0
2019-04-26;0,0;-20000,0
2019-04-27;0,0;-20000,0
2019-04-28;0,0;-20000,0
2019-04-29;0,0;-20000,0
2019-04-30;0,0;-20000,0
2019-05-01;0,0;-20000,0
2019-05-02;-8000,0;-28000,0
2019-05-03;0,0;-28000,0
2019-05-04;0,0;-28000,0
2019-05-05;0,0;-28000,0
2019-05-06;0,0;-28000,0
2019-05-07;0,0;-28000,0
2019-05-08;0,0;-28000,0
2019-05-09;0,0;-28000,0
2019-05-10;0,0;-28000,0
2019-05-11;0,0;-28000,0
2019-05-12;587,08;-27412,92
2019-05-13;0,0;-27412,92
2019-05-14;0,0;-27412,92
2019-05-15;0,0;-27412,92
2019-05-16;0,0;-27412,92
2019-05-17;-2000,0;-29412,92
2019-05-18;0,0;-29412,92
2019-05-19;0,0;-29412,92
2019-05-20;-2000,0;-31412,92
2019-05-21;0,0;-31412,92
2019-05-22;0,0;-31412,92
2019-05-23;0,0;-31412,92
2019-05-24;0,0;-31412,92
2019-05-25;164,87;-31248,05
2019-05-26;208,38;-31039,67
2019-05-27;0,0;-31039,67
2019-05-28;0,0;-31039,67
2019-05-29;0,0;-31039,67
2019-05-30;0,0;-31039,67
2019-05-31;0,0;-31039,67
2019-06-01;0,0;-31039,67
2019-06-02;0,0;-31039,67
2019-06-03;213,88;-30825,789999999997
2019-06-04;0,0;-30825,789999999997
2019-06-05;0,0;-30825,789999999997
2019-06-06;0,0;-30825,789999999997
2019-06-07;308,28;-30517,51
2019-06-08;0,0;-30517,51
2019-06-09;0,0;-30517,51
2019-06-10;0,0;-30517,51
2019-06-11;0,0;-30517,51
2019-06-12;587,08;-29930,429999999997
2019-06-13;0,0;-29930,429999999997
2019-06-14;0,0;-29930,429999999997
2019-06-15;0,0;-29930,429999999997
2019-06-16;0,0;-29930,429999999997
2019-06-17;0,0;-29930,429999999997
2019-06-18;0,0;-29930,429999999997
2019-06-19;0,0;-29930,429999999997
2019-06-20;0,0;-29930,429999999997
2019-06-21;145,04;-29785,389999999996
2019-06-22;0,0;-29785,389999999996
2019-06-23;0,0;-29785,389999999996
2019-06-24;-2000,0;-31785,389999999996
2019-06-25;164,87;-31620,519999999997
2019-06-26;208,38;-31412,139999999996
2019-06-27;0,0;-31412,139999999996
2019-06-28;109,36;-31302,779999999995
2019-06-29;0,0;-31302,779999999995
2019-06-30;0,0;-31302,779999999995
2019-07-01;0,0;-31302,779999999995
2019-07-02;0,0;-31302,779999999995
2019-07-03;213,88;-31088,899999999994
2019-07-04;0,0;-31088,899999999994
2019-07-05;0,0;-31088,899999999994
2019-07-06;0,0;-31088,899999999994
2019-07-07;308,28;-30780,619999999995
2019-07-08;0,0;-30780,619999999995
2019-07-09;0,0;-30780,619999999995
2019-07-10;0,0;-30780,619999999995
2019-07-11;0,0;-30780,619999999995
2019-07-12;587,08;-30193,539999999994
2019-07-13;0,0;-30193,539999999994
2019-07-14;0,0;-30193,539999999994
2019-07-15;0,0;-30193,539999999994
2019-07-16;0,0;-30193,539999999994
2019-07-17;0,0;-30193,539999999994
2019-07-18;0,0;-30193,539999999994
2019-07-19;0,0;-30193,539999999994
2019-07-20;0,0;-30193,539999999994
2019-07-21;145,04;-30048,499999999993
2019-07-22;0,0;-30048,499999999993
2019-07-23;0,0;-30048,499999999993
2019-07-24;0,0;-30048,499999999993
2019-07-25;164,87;-29883,629999999994
2019-07-26;311,86;-29571,769999999993
2019-07-27;0,0;-29571,769999999993
2019-07-28;109,36;-29462,409999999993
2019-07-29;0,0;-29462,409999999993
2019-07-30;0,0;-29462,409999999993
2019-07-31;0,0;-29462,409999999993
2019-08-01;0,0;-29462,409999999993
2019-08-02;0,0;-29462,409999999993
2019-08-03;213,88;-29248,52999999999
2019-08-04;0,0;-29248,52999999999
2019-08-05;0,0;-29248,52999999999
2019-08-06;0,0;-29248,52999999999
2019-08-07;308,28;-28940,249999999993
2019-08-08;0,0;-28940,249999999993
2019-08-09;0,0;-28940,249999999993
2019-08-10;0,0;-28940,249999999993
2019-08-11;0,0;-28940,249999999993
2019-08-12;0,0;-28940,249999999993
2019-08-13;0,0;-28940,249999999993
2019-08-14;0,0;-28940,249999999993
2019-08-15;587,08;-28353,16999999999
2019-08-16;0,0;-28353,16999999999
2019-08-17;0,0;-28353,16999999999
2019-08-18;0,0;-28353,16999999999
2019-08-19;0,0;-28353,16999999999
2019-08-20;0,0;-28353,16999999999
2019-08-21;145,04;-28208,12999999999
2019-08-22;0,0;-28208,12999999999
2019-08-23;0,0;-28208,12999999999
2019-08-24;0,0;-28208,12999999999
2019-08-25;164,87;-28043,25999999999
2019-08-26;311,86;-27731,39999999999
2019-08-27;0,0;-27731,39999999999
2019-08-28;109,36;-27622,03999999999
2019-08-29;0,0;-27622,03999999999
2019-08-30;0,0;-27622,03999999999
2019-08-31;0,0;-27622,03999999999
2019-09-01;0,0;-27622,03999999999
2019-09-02;0,0;-27622,03999999999
2019-09-03;213,88;-27408,15999999999
2019-09-04;0,0;-27408,15999999999
2019-09-05;0,0;-27408,15999999999
2019-09-06;0,0;-27408,15999999999
2019-09-07;308,28;-27099,87999999999
2019-09-08;0,0;-27099,87999999999
2019-09-09;0,0;-27099,87999999999
2019-09-10;0,0;-27099,87999999999
2019-09-11;0,0;-27099,87999999999
2019-09-12;0,0;-27099,87999999999
2019-09-13;0,0;-27099,87999999999
2019-09-14;0,0;-27099,87999999999
2019-09-15;0,0;-27099,87999999999
2019-09-16;587,08;-26512,79999999999
2019-09-17;0,0;-26512,79999999999
2019-09-18;0,0;-26512,79999999999
2019-09-19;0,0;-26512,79999999999
2019-09-20;0,0;-26512,79999999999
2019-09-21;145,04;-26367,759999999987
2019-09-22;0,0;-26367,759999999987
2019-09-23;0,0;-26367,759999999987
2019-09-24;0,0;-26367,759999999987
2019-09-25;164,87;-26202,88999999999
2019-09-26;311,86;-25891,029999999988
2019-09-27;0,0;-25891,029999999988
2019-09-28;109,36;-25781,669999999987
2019-09-29;0,0;-25781,669999999987
2019-09-30;0,0;-25781,669999999987
2019-10-01;0,0;-25781,669999999987
2019-10-02;0,0;-25781,669999999987
2019-10-03;213,88;-25567,789999999986
2019-10-04;0,0;-25567,789999999986
2019-10-05;0,0;-25567,789999999986
2019-10-06;0,0;-25567,789999999986
2019-10-07;308,28;-25259,509999999987
2019-10-08;0,0;-25259,509999999987
2019-10-09;0,0;-25259,509999999987
2019-10-10;0,0;-25259,509999999987
2019-10-11;0,0;-25259,509999999987
2019-10-12;587,08;-24672,429999999986
2019-10-13;0,0;-24672,429999999986
2019-10-14;0,0;-24672,429999999986
2019-10-15;0,0;-24672,429999999986
2019-10-16;0,0;-24672,429999999986
2019-10-17;0,0;-24672,429999999986
2019-10-18;0,0;-24672,429999999986
2019-10-19;0,0;-24672,429999999986
2019-10-20;0,0;-24672,429999999986
2019-10-21;145,04;-24527,389999999985
2019-10-22;0,0;-24527,389999999985
2019-10-23;0,0;-24527,389999999985
2019-10-24;0,0;-24527,389999999985
2019-10-25;164,87;-24362,519999999986
2019-10-26;311,86;-24050,659999999985
2019-10-27;0,0;-24050,659999999985
2019-10-28;109,36;-23941,299999999985
2019-10-29;0,0;-23941,299999999985
2019-10-30;0,0;-23941,299999999985
2019-10-31;0,0;-23941,299999999985
2019-11-01;0,0;-23941,299999999985
2019-11-02;0,0;-23941,299999999985
2019-11-03;213,88;-23727,419999999984
2019-11-04;0,0;-23727,419999999984
2019-11-05;0,0;-23727,419999999984
2019-11-06;0,0;-23727,419999999984
2019-11-07;-1691,72;-25419,139999999985
2019-11-08;0,0;-25419,139999999985
2019-11-09;0,0;-25419,139999999985
2019-11-10;0,0;-25419,139999999985
2019-11-11;0,0;-25419,139999999985
2019-11-12;587,08;-24832,059999999983
2019-11-13;0,0;-24832,059999999983
2019-11-14;0,0;-24832,059999999983
2019-11-15;0,0;-24832,059999999983
2019-11-16;0,0;-24832,059999999983
2019-11-17;0,0;-24832,059999999983
2019-11-18;0,0;-24832,059999999983
2019-11-19;0,0;-24832,059999999983
2019-11-20;0,0;-24832,059999999983
2019-11-21;145,04;-24687,019999999982
2019-11-22;0,0;-24687,019999999982
2019-11-23;0,0;-24687,019999999982
2019-11-24;0,0;-24687,019999999982
2019-11-25;164,87;-24522,149999999983
2019-11-26;311,86;-24210,289999999983
2019-11-27;0,0;-24210,289999999983
2019-11-28;109,36;-24100,929999999982
2019-11-29;0,0;-24100,929999999982
2019-11-30;0,0;-24100,929999999982
2019-12-01;0,0;-24100,929999999982
2019-12-02;0,0;-24100,929999999982
2019-12-03;0,0;-24100,929999999982
2019-12-04;0,0;-24100,929999999982
2019-12-05;0,0;-24100,929999999982
2019-12-06;0,0;-24100,929999999982
2019-12-07;308,28;-23792,649999999983
2019-12-08;0,0;-23792,649999999983
2019-12-09;213,88;-23578,769999999982
2019-12-10;0,0;-23578,769999999982
2019-12-11;0,0;-23578,769999999982
2019-12-12;587,08;-22991,68999999998
2019-12-13;0,0;-22991,68999999998
2019-12-14;0,0;-22991,68999999998
2019-12-15;0,0;-22991,68999999998
2019-12-16;0,0;-22991,68999999998
2019-12-17;0,0;-22991,68999999998
2019-12-18;0,0;-22991,68999999998
2019-12-19;0,0;-22991,68999999998
2019-12-20;0,0;-22991,68999999998
2019-12-21;145,04;-22846,64999999998
2019-12-22;0,0;-22846,64999999998
2019-12-23;0,0;-22846,64999999998
2019-12-24;106,94;-22739,70999999998
2019-12-25;164,87;-22574,839999999982
2019-12-26;311,86;-22262,97999999998
2019-12-27;0,0;-22262,97999999998
2019-12-28;109,36;-22153,61999999998
2019-12-29;0,0;-22153,61999999998
2019-12-30;0,0;-22153,61999999998
2019-12-31;0,0;-22153,61999999998
2020-01-01;0,0;-22153,61999999998
2020-01-02;0,0;-22153,61999999998
2020-01-03;213,88;-21939,73999999998
2020-01-04;0,0;-21939,73999999998
2020-01-05;0,0;-21939,73999999998
2020-01-06;0,0;-21939,73999999998
2020-01-07;308,28;-21631,45999999998
2020-01-08;0,0;-21631,45999999998
2020-01-09;0,0;-21631,45999999998
2020-01-10;0,0;-21631,45999999998
2020-01-11;0,0;-21631,45999999998
2020-01-12;587,08;-21044,37999999998
2020-01-13;0,0;-21044,37999999998
2020-01-14;0,0;-21044,37999999998
2020-01-15;0,0;-21044,37999999998
2020-01-16;0,0;-21044,37999999998
2020-01-17;0,0;-21044,37999999998
2020-01-18;0,0;-21044,37999999998
2020-01-19;0,0;-21044,37999999998
2020-01-20;0,0;-21044,37999999998
2020-01-21;145,04;-20899,33999999998
2020-01-22;0,0;-20899,33999999998
2020-01-23;0,0;-20899,33999999998
2020-01-24;106,94;-20792,39999999998
2020-01-25;164,87;-20627,52999999998
2020-01-26;311,86;-20315,66999999998
2020-01-27;0,0;-20315,66999999998
2020-01-28;109,36;-20206,30999999998
2020-01-29;0,0;-20206,30999999998
2020-01-30;0,0;-20206,30999999998
2020-01-31;0,0;-20206,30999999998
2020-02-01;0,0;-20206,30999999998
2020-02-02;0,0;-20206,30999999998
2020-02-03;213,88;-19992,42999999998
2020-02-04;0,0;-19992,42999999998
2020-02-05;0,0;-19992,42999999998
2020-02-06;0,0;-19992,42999999998
2020-02-07;308,28;-19684,14999999998
2020-02-08;0,0;-19684,14999999998
2020-02-09;0,0;-19684,14999999998
2020-02-10;0,0;-19684,14999999998
2020-02-11;0,0;-19684,14999999998
2020-02-12;587,08;-19097,069999999978
2020-02-13;0,0;-19097,069999999978
2020-02-14;0,0;-19097,069999999978
2020-02-15;0,0;-19097,069999999978
2020-02-16;0,0;-19097,069999999978
2020-02-17;0,0;-19097,069999999978
2020-02-18;0,0;-19097,069999999978
2020-02-19;0,0;-19097,069999999978
2020-02-20;0,0;-19097,069999999978
2020-02-21;145,04;-18952,029999999977
2020-02-22;0,0;-18952,029999999977
2020-02-23;0,0;-18952,029999999977
2020-02-24;106,94;-18845,08999999998
2020-02-25;164,87;-18680,21999999998
2020-02-26;311,86;-18368,35999999998
2020-02-27;0,0;-18368,35999999998
2020-02-28;109,36;-18258,999999999978
2020-02-29;0,0;-18258,999999999978
2020-03-01;0,0;-18258,999999999978
2020-03-02;0,0;-18258,999999999978
2020-03-03;213,88;-18045,119999999977
2020-03-04;0,0;-18045,119999999977
2020-03-05;0,0;-18045,119999999977
2020-03-06;0,0;-18045,119999999977
2020-03-07;308,28;-17736,83999999998
2020-03-08;0,0;-17736,83999999998
2020-03-09;0,0;-17736,83999999998
2020-03-10;0,0;-17736,83999999998
2020-03-11;0,0;-17736,83999999998
2020-03-12;587,08;-17149,759999999977
2020-03-13;0,0;-17149,759999999977
2020-03-14;0,0;-17149,759999999977
2020-03-15;0,0;-17149,759999999977
2020-03-16;0,0;-17149,759999999977
2020-03-17;0,0;-17149,759999999977
2020-03-18;0,0;-17149,759999999977
2020-03-19;0,0;-17149,759999999977
2020-03-20;0,0;-17149,759999999977
2020-03-21;145,04;-17004,719999999976
2020-03-22;0,0;-17004,719999999976
2020-03-23;0,0;-17004,719999999976
2020-03-24;106,94;-16897,779999999977
2020-03-25;164,87;-16732,909999999978
2020-03-26;311,86;-16421,049999999977
2020-03-27;0,0;-16421,049999999977
2020-03-28;109,36;-16311,689999999977
2020-03-29;0,0;-16311,689999999977
2020-03-30;0,0;-16311,689999999977
2020-03-31;0,0;-16311,689999999977
2020-04-01;0,0;-16311,689999999977
2020-04-02;0,0;-16311,689999999977
2020-04-03;213,88;-16097,809999999978
2020-04-04;0,0;-16097,809999999978
2020-04-05;0,0;-16097,809999999978
2020-04-06;0,0;-16097,809999999978
2020-04-07;308,28;-15789,529999999977
2020-04-08;0,0;-15789,529999999977
2020-04-09;0,0;-15789,529999999977
2020-04-10;0,0;-15789,529999999977
2020-04-11;0,0;-15789,529999999977
2020-04-12;587,08;-15202,449999999977
2020-04-13;0,0;-15202,449999999977
2020-04-14;0,0;-15202,449999999977
2020-04-15;0,0;-15202,449999999977
2020-04-16;0,0;-15202,449999999977
2020-04-17;0,0;-15202,449999999977
2020-04-18;0,0;-15202,449999999977
2020-04-19;0,0;-15202,449999999977
2020-04-20;0,0;-15202,449999999977
2020-04-21;145,04;-15057,409999999976
2020-04-22;0,0;-15057,409999999976
2020-04-23;0,0;-15057,409999999976
2020-04-24;0,0;-15057,409999999976
2020-04-25;164,87;-14892,539999999975
2020-04-26;311,86;-14580,679999999975
2020-04-27;0,0;-14580,679999999975
2020-04-28;109,36;-14471,319999999974
2020-04-29;0,0;-14471,319999999974
2020-04-30;0,0;-14471,319999999974
2020-05-01;0,0;-14471,319999999974
2020-05-02;0,0;-14471,319999999974
2020-05-03;213,88;-14257,439999999975
2020-05-04;0,0;-14257,439999999975
2020-05-05;0,0;-14257,439999999975
2020-05-06;0,0;-14257,439999999975
2020-05-07;308,28;-13949,159999999974
2020-05-08;0,0;-13949,159999999974
2020-05-09;0,0;-13949,159999999974
2020-05-10;0,0;-13949,159999999974
2020-05-11;0,0;-13949,159999999974
2020-05-12;587,08;-13362,079999999974
2020-05-13;0,0;-13362,079999999974
2020-05-14;0,0;-13362,079999999974
2020-05-15;0,0;-13362,079999999974
2020-05-16;0,0;-13362,079999999974
2020-05-17;0,0;-13362,079999999974
2020-05-18;0,0;-13362,079999999974
2020-05-19;0,0;-13362,079999999974
2020-05-20;0,0;-13362,079999999974
2020-05-21;145,04;-13217,039999999974
2020-05-22;0,0;-13217,039999999974
2020-05-23;0,0;-13217,039999999974
2020-05-24;109,94;-13107,099999999973
2020-05-25;164,87;-12942,229999999972
2020-05-26;311,86;-12630,369999999972
2020-05-27;0,0;-12630,369999999972
2020-05-28;109,36;-12521,009999999971
2020-05-29;0,0;-12521,009999999971
2020-05-30;0,0;-12521,009999999971
2020-05-31;0,0;-12521,009999999971
2020-06-01;0,0;-12521,009999999971
2020-06-02;0,0;-12521,009999999971
2020-06-03;213,88;-12307,129999999972
2020-06-04;0,0;-12307,129999999972
2020-06-05;0,0;-12307,129999999972
2020-06-06;0,0;-12307,129999999972
2020-06-07;308,28;-11998,849999999971
2020-06-08;0,0;-11998,849999999971
2020-06-09;0,0;-11998,849999999971
2020-06-10;0,0;-11998,849999999971
2020-06-11;0,0;-11998,849999999971
2020-06-12;587,08;-11411,769999999971
2020-06-13;0,0;-11411,769999999971
2020-06-14;0,0;-11411,769999999971
2020-06-15;0,0;-11411,769999999971
2020-06-16;0,0;-11411,769999999971
2020-06-17;0,0;-11411,769999999971
2020-06-18;0,0;-11411,769999999971
2020-06-19;0,0;-11411,769999999971
2020-06-20;0,0;-11411,769999999971
2020-06-21;145,04;-11266,72999999997
2020-06-22;0,0;-11266,72999999997
2020-06-23;0,0;-11266,72999999997
2020-06-24;109,94;-11156,78999999997
2020-06-25;164,87;-10991,91999999997
2020-06-26;311,86;-10680,059999999969
2020-06-27;0,0;-10680,059999999969
2020-06-28;109,36;-10570,699999999968
2020-06-29;0,0;-10570,699999999968
2020-06-30;0,0;-10570,699999999968
2020-07-01;0,0;-10570,699999999968
2020-07-02;0,0;-10570,699999999968
2020-07-03;213,88;-10356,819999999969
2020-07-04;0,0;-10356,819999999969
2020-07-05;0,0;-10356,819999999969
2020-07-06;0,0;-10356,819999999969
2020-07-07;308,28;-10048,539999999968
2020-07-08;0,0;-10048,539999999968
2020-07-09;0,0;-10048,539999999968
2020-07-10;0,0;-10048,539999999968
2020-07-11;0,0;-10048,539999999968
2020-07-12;587,08;-9461,459999999968
2020-07-13;0,0;-9461,459999999968
2020-07-14;0,0;-9461,459999999968
2020-07-15;0,0;-9461,459999999968
2020-07-16;0,0;-9461,459999999968
2020-07-17;0,0;-9461,459999999968
2020-07-18;0,0;-9461,459999999968
2020-07-19;0,0;-9461,459999999968
2020-07-20;0,0;-9461,459999999968
2020-07-21;145,04;-9316,419999999967
2020-07-22;0,0;-9316,419999999967
2020-07-23;0,0;-9316,419999999967
2020-07-24;109,94;-9206,479999999967
2020-07-25;0,0;-9206,479999999967
2020-07-26;311,86;-8894,619999999966
2020-07-27;0,0;-8894,619999999966
2020-07-28;109,36;-8785,259999999966
2020-07-29;0,0;-8785,259999999966
2020-07-30;0,0;-8785,259999999966
2020-07-31;0,0;-8785,259999999966
2020-08-01;0,0;-8785,259999999966
2020-08-02;0,0;-8785,259999999966
2020-08-03;213,88;-8571,379999999966
2020-08-04;0,0;-8571,379999999966
2020-08-05;0,0;-8571,379999999966
2020-08-06;0,0;-8571,379999999966
2020-08-07;308,28;-8263,099999999966
2020-08-08;0,0;-8263,099999999966
2020-08-09;0,0;-8263,099999999966
2020-08-10;0,0;-8263,099999999966
2020-08-11;0,0;-8263,099999999966
2020-08-12;587,08;-7676,019999999966
2020-08-13;0,0;-7676,019999999966
2020-08-14;0,0;-7676,019999999966
2020-08-15;0,0;-7676,019999999966
2020-08-16;0,0;-7676,019999999966
2020-08-17;0,0;-7676,019999999966
2020-08-18;0,0;-7676,019999999966
2020-08-19;0,0;-7676,019999999966
2020-08-20;0,0;-7676,019999999966
2020-08-21;145,04;-7530,979999999966
2020-08-22;0,0;-7530,979999999966
2020-08-23;0,0;-7530,979999999966
2020-08-24;109,94;-7421,039999999966
2020-08-25;0,0;-7421,039999999966
2020-08-26;311,86;-7109,179999999967
2020-08-27;0,0;-7109,179999999967
2020-08-28;109,36;-6999,819999999967
2020-08-29;0,0;-6999,819999999967
2020-08-30;0,0;-6999,819999999967
2020-08-31;0,0;-6999,819999999967
2020-09-01;0,0;-6999,819999999967
2020-09-02;0,0;-6999,819999999967
2020-09-03;213,88;-6785,939999999967
2020-09-04;0,0;-6785,939999999967
2020-09-05;0,0;-6785,939999999967
2020-09-06;0,0;-6785,939999999967
2020-09-07;0,0;-6785,939999999967
2020-09-08;0,0;-6785,939999999967
2020-09-09;0,0;-6785,939999999967
2020-09-10;0,0;-6785,939999999967
2020-09-11;0,0;-6785,939999999967
2020-09-12;587,08;-6198,859999999967
2020-09-13;0,0;-6198,859999999967
2020-09-14;0,0;-6198,859999999967
2020-09-15;0,0;-6198,859999999967
2020-09-16;0,0;-6198,859999999967
2020-09-17;0,0;-6198,859999999967
2020-09-18;0,0;-6198,859999999967
2020-09-19;0,0;-6198,859999999967
2020-09-20;0,0;-6198,859999999967
2020-09-21;145,04;-6053,819999999967
2020-09-22;0,0;-6053,819999999967
2020-09-23;0,0;-6053,819999999967
2020-09-24;109,94;-5943,879999999967
2020-09-25;0,0;-5943,879999999967
2020-09-26;311,86;-5632,019999999968
2020-09-27;0,0;-5632,019999999968
2020-09-28;109,36;-5522,659999999968
2020-09-29;0,0;-5522,659999999968
2020-09-30;0,0;-5522,659999999968
2020-10-01;0,0;-5522,659999999968
2020-10-02;0,0;-5522,659999999968
2020-10-03;213,88;-5308,779999999968
2020-10-04;0,0;-5308,779999999968
2020-10-05;0,0;-5308,779999999968
2020-10-06;0,0;-5308,779999999968
2020-10-07;0,0;-5308,779999999968
2020-10-08;0,0;-5308,779999999968
2020-10-09;0,0;-5308,779999999968
2020-10-10;0,0;-5308,779999999968
2020-10-11;0,0;-5308,779999999968
2020-10-12;587,08;-4721,699999999968
2020-10-13;0,0;-4721,699999999968
2020-10-14;0,0;-4721,699999999968
2020-10-15;0,0;-4721,699999999968
2020-10-16;0,0;-4721,699999999968
2020-10-17;0,0;-4721,699999999968
2020-10-18;0,0;-4721,699999999968
2020-10-19;0,0;-4721,699999999968
2020-10-20;0,0;-4721,699999999968
2020-10-21;145,04;-4576,659999999968
2020-10-22;0,0;-4576,659999999968
2020-10-23;0,0;-4576,659999999968
2020-10-24;109,94;-4466,719999999968
2020-10-25;0,0;-4466,719999999968
2020-10-26;311,86;-4154,859999999969
2020-10-27;0,0;-4154,859999999969
2020-10-28;109,36;-4045,4999999999686
2020-10-29;0,0;-4045,4999999999686
2020-10-30;0,0;-4045,4999999999686
2020-10-31;0,0;-4045,4999999999686
2020-11-01;0,0;-4045,4999999999686
2020-11-02;0,0;-4045,4999999999686
2020-11-03;213,88;-3831,6199999999685
2020-11-04;0,0;-3831,6199999999685
2020-11-05;0,0;-3831,6199999999685
2020-11-06;0,0;-3831,6199999999685
2020-11-07;0,0;-3831,6199999999685
2020-11-08;0,0;-3831,6199999999685
2020-11-09;0,0;-3831,6199999999685
2020-11-10;0,0;-3831,6199999999685
2020-11-11;0,0;-3831,6199999999685
2020-11-12;587,08;-3244,5399999999686
2020-11-13;0,0;-3244,5399999999686
2020-11-14;0,0;-3244,5399999999686
2020-11-15;0,0;-3244,5399999999686
2020-11-16;0,0;-3244,5399999999686
2020-11-17;0,0;-3244,5399999999686
2020-11-18;0,0;-3244,5399999999686
2020-11-19;0,0;-3244,5399999999686
2020-11-20;0,0;-3244,5399999999686
2020-11-21;145,04;-3099,4999999999686
2020-11-22;0,0;-3099,4999999999686
2020-11-23;0,0;-3099,4999999999686
2020-11-24;109,94;-2989,5599999999686
2020-11-25;0,0;-2989,5599999999686
2020-11-26;311,86;-2677,6999999999684
2020-11-27;0,0;-2677,6999999999684
2020-11-28;109,36;-2568,3399999999683
2020-11-29;0,0;-2568,3399999999683
2020-11-30;0,0;-2568,3399999999683
2020-12-01;0,0;-2568,3399999999683
2020-12-02;0,0;-2568,3399999999683
2020-12-03;213,88;-2354,459999999968
2020-12-04;0,0;-2354,459999999968
2020-12-05;0,0;-2354,459999999968
2020-12-06;0,0;-2354,459999999968
2020-12-07;-2000,0;-4354,459999999968
2020-12-08;0,0;-4354,459999999968
2020-12-09;0,0;-4354,459999999968
2020-12-10;0,0;-4354,459999999968
2020-12-11;0,0;-4354,459999999968
2020-12-12;587,08;-3767,3799999999683
2020-12-13;0,0;-3767,3799999999683
2020-12-14;0,0;-3767,3799999999683
2020-12-15;0,0;-3767,3799999999683
2020-12-16;0,0;-3767,3799999999683
2020-12-17;0,0;-3767,3799999999683
2020-12-18;0,0;-3767,3799999999683
2020-12-19;0,0;-3767,3799999999683
2020-12-20;0,0;-3767,3799999999683
2020-12-21;0,0;-3767,3799999999683
2020-12-22;0,0;-3767,3799999999683
2020-12-23;0,0;-3767,3799999999683
2020-12-24;109,94;-3657,439999999968
2020-12-25;0,0;-3657,439999999968
2020-12-26;311,86;-3345,579999999968
2020-12-27;0,0;-3345,579999999968
2020-12-28;109,36;-3236,219999999968
2020-12-29;0,0;-3236,219999999968
2020-12-30;0,0;-3236,219999999968
2020-12-31;0,0;-3236,219999999968
2021-01-01;0,0;-3236,219999999968
2021-01-02;0,0;-3236,219999999968
2021-01-03;213,88;-3022,339999999968
2021-01-04;0,0;-3022,339999999968
2021-01-05;0,0;-3022,339999999968
2021-01-06;0,0;-3022,339999999968
2021-01-07;0,0;-3022,339999999968
2021-01-08;0,0;-3022,339999999968
2021-01-09;0,0;-3022,339999999968
2021-01-10;0,0;-3022,339999999968
2021-01-11;0,0;-3022,339999999968
2021-01-12;587,08;-2435,259999999968
2021-01-13;0,0;-2435,259999999968
2021-01-14;0,0;-2435,259999999968
2021-01-15;180,51;-2254,749999999968
2021-01-16;0,0;-2254,749999999968
2021-01-17;0,0;-2254,749999999968
2021-01-18;0,0;-2254,749999999968
2021-01-19;0,0;-2254,749999999968
2021-01-20;0,0;-2254,749999999968
2021-01-21;0,0;-2254,749999999968
2021-01-22;0,0;-2254,749999999968
2021-01-23;0,0;-2254,749999999968
2021-01-24;108,73;-2146,019999999968
2021-01-25;0,0;-2146,019999999968
2021-01-26;311,86;-1834,159999999968
2021-01-27;0,0;-1834,159999999968
2021-01-28;109,36;-1724,7999999999681
2021-01-29;0,0;-1724,7999999999681
2021-01-30;0,0;-1724,7999999999681
2021-01-31;0,0;-1724,7999999999681
2021-02-01;0,0;-1724,7999999999681
2021-02-02;0,0;-1724,7999999999681
2021-02-03;213,88;-1510,9199999999682
2021-02-04;0,0;-1510,9199999999682
2021-02-05;0,0;-1510,9199999999682
2021-02-06;0,0;-1510,9199999999682
2021-02-07;0,0;-1510,9199999999682
2021-02-08;0,0;-1510,9199999999682
2021-02-09;0,0;-1510,9199999999682
2021-02-10;0,0;-1510,9199999999682
2021-02-11;0,0;-1510,9199999999682
2021-02-12;587,08;-923,8399999999682
2021-02-13;0,0;-923,8399999999682
2021-02-14;0,0;-923,8399999999682
2021-02-15;180,51;-743,3299999999682
2021-02-16;0,0;-743,3299999999682
2021-02-17;0,0;-743,3299999999682
2021-02-18;0,0;-743,3299999999682
2021-02-19;0,0;-743,3299999999682
2021-02-20;0,0;-743,3299999999682
2021-02-21;0,0;-743,3299999999682
2021-02-22;0,0;-743,3299999999682
2021-02-23;0,0;-743,3299999999682
2021-02-24;106,42;-636,9099999999682
2021-02-25;0,0;-636,9099999999682
2021-02-26;311,86;-325,04999999996824
2021-02-27;0,0;-325,04999999996824
2021-02-28;109,36;-215,68999999996822
2021-03-01;0,0;-215,68999999996822
2021-03-02;0,0;-215,68999999996822
2021-03-03;213,88;-1,8099999999682268
2021-03-04;0,0;-1,8099999999682268
2021-03-05;0,0;-1,8099999999682268
2021-03-06;0,0;-1,8099999999682268
2021-03-07;0,0;-1,8099999999682268
2021-03-08;0,0;-1,8099999999682268
2021-03-09;0,0;-1,8099999999682268
2021-03-10;0,0;-1,8099999999682268
2021-03-11;0,0;-1,8099999999682268
2021-03-12;587,08;585,2700000000318
2021-03-13;0,0;585,2700000000318
2021-03-14;0,0;585,2700000000318
2021-03-15;180,51;765,7800000000318
2021-03-16;0,0;765,7800000000318
2021-03-17;0,0;765,7800000000318
2021-03-18;0,0;765,7800000000318
2021-03-19;0,0;765,7800000000318
2021-03-20;0,0;765,7800000000318
2021-03-21;0,0;765,7800000000318
2021-03-22;0,0;765,7800000000318
2021-03-23;0,0;765,7800000000318
2021-03-24;104,37;870,1500000000318
2021-03-25;0,0;870,1500000000318
2021-03-26;311,86;1182,0100000000318
2021-03-27;0,0;1182,0100000000318
2021-03-28;109,36;1291,3700000000317
2021-03-29;0,0;1291,3700000000317
2021-03-30;0,0;1291,3700000000317
2021-03-31;0,0;1291,3700000000317
2021-04-01;-2000,0;-708,6299999999683
2021-04-02;0,0;-708,6299999999683
2021-04-03;213,88;-494,7499999999683
2021-04-04;0,0;-494,7499999999683
2021-04-05;0,0;-494,7499999999683
2021-04-06;0,0;-494,7499999999683
2021-04-07;0,0;-494,7499999999683
2021-04-08;0,0;-494,7499999999683
2021-04-09;0,0;-494,7499999999683
2021-04-10;0,0;-494,7499999999683
2021-04-11;0,0;-494,7499999999683
2021-04-12;587,08;92,33000000003176
2021-04-13;0,0;92,33000000003176
2021-04-14;0,0;92,33000000003176
2021-04-15;180,51;272,84000000003175
2021-04-16;0,0;272,84000000003175
2021-04-17;0,0;272,84000000003175
2021-04-18;0,0;272,84000000003175
2021-04-19;0,0;272,84000000003175
2021-04-20;0,0;272,84000000003175
2021-04-21;0,0;272,84000000003175
2021-04-22;0,0;272,84000000003175
2021-04-23;0,0;272,84000000003175
2021-04-24;102,16;375,0000000000317
2021-04-25;0,0;375,0000000000317
2021-04-26;311,86;686,8600000000317
2021-04-27;0,0;686,8600000000317
2021-04-28;109,36;796,2200000000317
2021-04-29;0,0;796,2200000000317
2021-04-30;109,49;905,7100000000318
2021-05-01;0,0;905,7100000000318
2021-05-02;0,0;905,7100000000318
2021-05-03;213,88;1119,5900000000318
2021-05-04;0,0;1119,5900000000318
2021-05-05;0,0;1119,5900000000318
2021-05-06;0,0;1119,5900000000318
2021-05-07;0,0;1119,5900000000318
2021-05-08;0,0;1119,5900000000318
2021-05-09;0,0;1119,5900000000318
2021-05-10;0,0;1119,5900000000318
2021-05-11;0,0;1119,5900000000318
2021-05-12;587,08;1706,670000000032
2021-05-13;0,0;1706,670000000032
2021-05-14;0,0;1706,670000000032
2021-05-15;180,51;1887,180000000032
2021-05-16;0,0;1887,180000000032
2021-05-17;0,0;1887,180000000032
2021-05-18;0,0;1887,180000000032
2021-05-19;0,0;1887,180000000032
2021-05-20;0,0;1887,180000000032
2021-05-21;0,0;1887,180000000032
2021-05-22;0,0;1887,180000000032
2021-05-23;0,0;1887,180000000032
2021-05-24;100,05;1987,2300000000319
2021-05-25;0,0;1987,2300000000319
2021-05-26;103,48;2090,710000000032
2021-05-27;0,0;2090,710000000032
2021-05-28;109,36;2200,070000000032
2021-05-29;0,0;2200,070000000032
2021-05-30;109,49;2309,560000000032
2021-05-31;0,0;2309,560000000032
2021-06-01;0,0;2309,560000000032
2021-06-02;0,0;2309,560000000032
2021-06-03;0,0;2309,560000000032
2021-06-04;0,0;2309,560000000032
2021-06-05;0,0;2309,560000000032
2021-06-06;0,0;2309,560000000032
2021-06-07;0,0;2309,560000000032
2021-06-08;0,0;2309,560000000032
2021-06-09;0,0;2309,560000000032
2021-06-10;0,0;2309,560000000032
2021-06-11;0,0;2309,560000000032
2021-06-12;587,08;2896,6400000000317
2021-06-13;0,0;2896,6400000000317
2021-06-14;0,0;2896,6400000000317
2021-06-15;180,51;3077,1500000000315
2021-06-16;0,0;3077,1500000000315
2021-06-17;0,0;3077,1500000000315
2021-06-18;0,0;3077,1500000000315
2021-06-19;0,0;3077,1500000000315
2021-06-20;0,0;3077,1500000000315
2021-06-21;0,0;3077,1500000000315
2021-06-22;0,0;3077,1500000000315
2021-06-23;0,0;3077,1500000000315
2021-06-24;97,93;3175,0800000000313
2021-06-25;0,0;3175,0800000000313
2021-06-26;103,48;3278,5600000000313
2021-06-27;0,0;3278,5600000000313
2021-06-28;0,0;3278,5600000000313
2021-06-29;0,0;3278,5600000000313
2021-06-30;109,49;3388,050000000031
2021-07-01;0,0;3388,050000000031
2021-07-02;0,0;3388,050000000031
2021-07-03;0,0;3388,050000000031
2021-07-04;0,0;3388,050000000031
2021-07-05;0,0;3388,050000000031
2021-07-06;0,0;3388,050000000031
2021-07-07;0,0;3388,050000000031
2021-07-08;0,0;3388,050000000031
2021-07-09;0,0;3388,050000000031
2021-07-10;0,0;3388,050000000031
2021-07-11;0,0;3388,050000000031
2021-07-12;0,0;3388,050000000031
2021-07-13;0,0;3388,050000000031
2021-07-14;0,0;3388,050000000031
2021-07-15;180,51;3568,5600000000313
2021-07-16;0,0;3568,5600000000313
2021-07-17;0,0;3568,5600000000313
2021-07-18;0,0;3568,5600000000313
2021-07-19;0,0;3568,5600000000313
2021-07-20;0,0;3568,5600000000313
2021-07-21;0,0;3568,5600000000313
2021-07-22;0,0;3568,5600000000313
2021-07-23;0,0;3568,5600000000313
2021-07-24;95,91;3664,470000000031
2021-07-25;0,0;3664,470000000031
2021-07-26;0,0;3664,470000000031
2021-07-27;0,0;3664,470000000031
2021-07-28;0,0;3664,470000000031
2021-07-29;0,0;3664,470000000031
2021-07-30;109,49;3773,960000000031
2021-07-31;0,0;3773,960000000031
2021-08-01;0,0;3773,960000000031
2021-08-02;0,0;3773,960000000031
2021-08-03;0,0;3773,960000000031
2021-08-04;0,0;3773,960000000031
2021-08-05;0,0;3773,960000000031
2021-08-06;0,0;3773,960000000031
2021-08-07;0,0;3773,960000000031
2021-08-08;0,0;3773,960000000031
2021-08-09;0,0;3773,960000000031
2021-08-10;0,0;3773,960000000031
2021-08-11;0,0;3773,960000000031
2021-08-12;0,0;3773,960000000031
2021-08-13;0,0;3773,960000000031
2021-08-14;0,0;3773,960000000031
2021-08-15;180,51;3954,470000000031
2021-08-16;0,0;3954,470000000031
2021-08-17;0,0;3954,470000000031
2021-08-18;0,0;3954,470000000031
2021-08-19;0,0;3954,470000000031
2021-08-20;0,0;3954,470000000031
2021-08-21;0,0;3954,470000000031
2021-08-22;0,0;3954,470000000031
2021-08-23;0,0;3954,470000000031
2021-08-24;93,88;4048,3500000000313
2021-08-25;0,0;4048,3500000000313
2021-08-26;0,0;4048,3500000000313
2021-08-27;0,0;4048,3500000000313
2021-08-28;0,0;4048,3500000000313
2021-08-29;0,0;4048,3500000000313
2021-08-30;109,49;4157,840000000031
2021-08-31;0,0;4157,840000000031
2021-09-01;-2000,0;2157,840000000031
2021-09-02;0,0;2157,840000000031
2021-09-03;0,0;2157,840000000031
2021-09-04;0,0;2157,840000000031
2021-09-05;0,0;2157,840000000031
2021-09-06;0,0;2157,840000000031
2021-09-07;0,0;2157,840000000031
2021-09-08;0,0;2157,840000000031
2021-09-09;0,0;2157,840000000031
2021-09-10;0,0;2157,840000000031
2021-09-11;0,0;2157,840000000031
2021-09-12;0,0;2157,840000000031
2021-09-13;0,0;2157,840000000031
2021-09-14;0,0;2157,840000000031
2021-09-15;180,51;2338,3500000000313
2021-09-16;0,0;2338,3500000000313
2021-09-17;0,0;2338,3500000000313
2021-09-18;0,0;2338,3500000000313
2021-09-19;0,0;2338,3500000000313
2021-09-20;0,0;2338,3500000000313
2021-09-21;0,0;2338,3500000000313
2021-09-22;0,0;2338,3500000000313
2021-09-23;0,0;2338,3500000000313
2021-09-24;91,88;2430,2300000000314
2021-09-25;132,26;2562,4900000000316
2021-09-26;0,0;2562,4900000000316
2021-09-27;0,0;2562,4900000000316
2021-09-28;0,0;2562,4900000000316
2021-09-29;0,0;2562,4900000000316
2021-09-30;109,49;2671,9800000000314
2021-10-01;-2000,0;671,9800000000314
2021-10-02;0,0;671,9800000000314
2021-10-03;103,24;775,2200000000314
2021-10-04;0,0;775,2200000000314
2021-10-05;0,0;775,2200000000314
2021-10-06;0,0;775,2200000000314
2021-10-07;0,0;775,2200000000314
2021-10-08;0,0;775,2200000000314
2021-10-09;0,0;775,2200000000314
2021-10-10;0,0;775,2200000000314
2021-10-11;0,0;775,2200000000314
2021-10-12;0,0;775,2200000000314
2021-10-13;0,0;775,2200000000314
2021-10-14;0,0;775,2200000000314
2021-10-15;180,51;955,7300000000314
2021-10-16;0,0;955,7300000000314
2021-10-17;0,0;955,7300000000314
2021-10-18;0,0;955,7300000000314
2021-10-19;0,0;955,7300000000314
2021-10-20;0,0;955,7300000000314
2021-10-21;0,0;955,7300000000314
2021-10-22;0,0;955,7300000000314
2021-10-23;0,0;955,7300000000314
2021-10-24;89,99;1045,7200000000314
2021-10-25;0,0;1045,7200000000314
2021-10-26;0,0;1045,7200000000314
2021-10-27;132,4;1178,1200000000315
2021-10-28;0,0;1178,1200000000315
2021-10-29;0,0;1178,1200000000315
2021-10-30;109,49;1287,6100000000315
2021-10-31;0,0;1287,6100000000315
2021-11-01;0,0;1287,6100000000315
2021-11-02;0,0;1287,6100000000315
2021-11-03;103,24;1390,8500000000315
2021-11-04;99,26;1490,1100000000315
2021-11-05;0,0;1490,1100000000315
2021-11-06;0,0;1490,1100000000315
2021-11-07;0,0;1490,1100000000315
2021-11-08;0,0;1490,1100000000315
2021-11-09;0,0;1490,1100000000315
2021-11-10;0,0;1490,1100000000315
2021-11-11;0,0;1490,1100000000315
2021-11-12;0,0;1490,1100000000315
2021-11-13;0,0;1490,1100000000315
2021-11-14;0,0;1490,1100000000315
2021-11-15;180,51;1670,6200000000315
2021-11-16;0,0;1670,6200000000315
2021-11-17;0,0;1670,6200000000315
2021-11-18;0,0;1670,6200000000315
2021-11-19;0,0;1670,6200000000315
2021-11-20;0,0;1670,6200000000315
2021-11-21;0,0;1670,6200000000315
2021-11-22;0,0;1670,6200000000315
2021-11-23;0,0;1670,6200000000315
2021-11-24;88,08;1758,7000000000314
2021-11-25;0,0;1758,7000000000314
2021-11-26;0,0;1758,7000000000314
2021-11-27;132,56;1891,2600000000314
2021-11-28;0,0;1891,2600000000314
2021-11-29;0,0;1891,2600000000314
2021-11-30;109,49;2000,7500000000314
2021-12-01;0,0;2000,7500000000314
2021-12-02;0,0;2000,7500000000314
2021-12-03;103,24;2103,990000000031
2021-12-04;99,26;2203,2500000000314
2021-12-05;0,0;2203,2500000000314
2021-12-06;0,0;2203,2500000000314
2021-12-07;0,0;2203,2500000000314
2021-12-08;0,0;2203,2500000000314
2021-12-09;0,0;2203,2500000000314
2021-12-10;0,0;2203,2500000000314
2021-12-11;0,0;2203,2500000000314
2021-12-12;0,0;2203,2500000000314
2021-12-13;0,0;2203,2500000000314
2021-12-14;0,0;2203,2500000000314
2021-12-15;180,51;2383,760000000031
2021-12-16;0,0;2383,760000000031
2021-12-17;0,0;2383,760000000031
2021-12-18;0,0;2383,760000000031
2021-12-19;0,0;2383,760000000031
2021-12-20;0,0;2383,760000000031
2021-12-21;0,0;2383,760000000031
2021-12-22;0,0;2383,760000000031
2021-12-23;0,0;2383,760000000031
2021-12-24;86,27;2470,030000000031
2021-12-25;0,0;2470,030000000031
2021-12-26;0,0;2470,030000000031
2021-12-27;132,71;2602,740000000031
2021-12-28;0,0;2602,740000000031
2021-12-29;0,0;2602,740000000031
2021-12-30;109,49;2712,230000000031
2021-12-31;0,0;2712,230000000031
2022-01-01;0,0;2712,230000000031
2022-01-02;0,0;2712,230000000031
2022-01-03;103,24;2815,4700000000307
2022-01-04;99,26;2914,730000000031
2022-01-05;0,0;2914,730000000031
2022-01-06;0,0;2914,730000000031
2022-01-07;0,0;2914,730000000031
2022-01-08;0,0;2914,730000000031
2022-01-09;0,0;2914,730000000031
2022-01-10;0,0;2914,730000000031
2022-01-11;0,0;2914,730000000031
2022-01-12;0,0;2914,730000000031
2022-01-13;0,0;2914,730000000031
2022-01-14;0,0;2914,730000000031
2022-01-15;0,0;2914,730000000031
2022-01-16;0,0;2914,730000000031
2022-01-17;0,0;2914,730000000031
2022-01-18;0,0;2914,730000000031
2022-01-19;0,0;2914,730000000031
2022-01-20;0,0;2914,730000000031
2022-01-21;0,0;2914,730000000031
2022-01-22;0,0;2914,730000000031
2022-01-23;0,0;2914,730000000031
2022-01-24;0,0;2914,730000000031
2022-01-25;0,0;2914,730000000031
2022-01-26;0,0;2914,730000000031
2022-01-27;132,86;3047,590000000031
2022-01-28;0,0;3047,590000000031
2022-01-29;0,0;3047,590000000031
2022-01-30;109,49;3157,080000000031
2022-01-31;0,0;3157,080000000031
2022-02-01;0,0;3157,080000000031
2022-02-02;0,0;3157,080000000031
2022-02-03;103,24;3260,3200000000306
2022-02-04;99,26;3359,580000000031
2022-02-05;0,0;3359,580000000031
2022-02-06;0,0;3359,580000000031
2022-02-07;0,0;3359,580000000031
2022-02-08;0,0;3359,580000000031
2022-02-09;0,0;3359,580000000031
2022-02-10;0,0;3359,580000000031
2022-02-11;0,0;3359,580000000031
2022-02-12;0,0;3359,580000000031
2022-02-13;0,0;3359,580000000031
2022-02-14;0,0;3359,580000000031
2022-02-15;0,0;3359,580000000031
2022-02-16;0,0;3359,580000000031
2022-02-17;0,0;3359,580000000031
2022-02-18;0,0;3359,580000000031
2022-02-19;0,0;3359,580000000031
2022-02-20;0,0;3359,580000000031
2022-02-21;0,0;3359,580000000031
2022-02-22;0,0;3359,580000000031
2022-02-23;0,0;3359,580000000031
2022-02-24;0,0;3359,580000000031
2022-02-25;0,0;3359,580000000031
2022-02-26;0,0;3359,580000000031
2022-02-27;133,01;3492,590000000031
2022-02-28;0,0;3492,590000000031
2022-03-01;0,0;3492,590000000031
2022-03-02;109,49;3602,080000000031
2022-03-03;103,24;3705,3200000000306
2022-03-04;99,26;3804,580000000031
2022-03-05;0,0;3804,580000000031
2022-03-06;0,0;3804,580000000031
2022-03-07;0,0;3804,580000000031
2022-03-08;0,0;3804,580000000031
2022-03-09;0,0;3804,580000000031
2022-03-10;0,0;3804,580000000031
2022-03-11;0,0;3804,580000000031
2022-03-12;0,0;3804,580000000031
2022-03-13;0,0;3804,580000000031
2022-03-14;0,0;3804,580000000031
2022-03-15;0,0;3804,580000000031
2022-03-16;0,0;3804,580000000031
2022-03-17;0,0;3804,580000000031
2022-03-18;0,0;3804,580000000031
2022-03-19;0,0;3804,580000000031
2022-03-20;0,0;3804,580000000031
2022-03-21;0,0;3804,580000000031
2022-03-22;0,0;3804,580000000031
2022-03-23;0,0;3804,580000000031
2022-03-24;0,0;3804,580000000031
2022-03-25;0,0;3804,580000000031
2022-03-26;0,0;3804,580000000031
2022-03-27;133,14;3937,7200000000307
2022-03-28;0,0;3937,7200000000307
2022-03-29;0,0;3937,7200000000307
2022-03-30;0,0;3937,7200000000307
2022-03-31;0,0;3937,7200000000307
2022-04-01;0,0;3937,7200000000307
2022-04-02;109,49;4047,2100000000305
2022-04-03;103,24;4150,450000000031
2022-04-04;99,26;4249,710000000031
2022-04-05;0,0;4249,710000000031
2022-04-06;0,0;4249,710000000031
2022-04-07;0,0;4249,710000000031
2022-04-08;0,0;4249,710000000031
2022-04-09;0,0;4249,710000000031
2022-04-10;0,0;4249,710000000031
2022-04-11;0,0;4249,710000000031
2022-04-12;0,0;4249,710000000031
2022-04-13;0,0;4249,710000000031
2022-04-14;0,0;4249,710000000031
2022-04-15;0,0;4249,710000000031
2022-04-16;0,0;4249,710000000031
2022-04-17;0,0;4249,710000000031
2022-04-18;0,0;4249,710000000031
2022-04-19;0,0;4249,710000000031
2022-04-20;0,0;4249,710000000031
2022-04-21;0,0;4249,710000000031
2022-04-22;0,0;4249,710000000031
2022-04-23;0,0;4249,710000000031
2022-04-24;0,0;4249,710000000031
2022-04-25;0,0;4249,710000000031
2022-04-26;0,0;4249,710000000031
2022-04-27;133,29;4383,000000000031
2022-04-28;0,0;4383,000000000031
2022-04-29;0,0;4383,000000000031
2022-04-30;0,0;4383,000000000031
2022-05-01;0,0;4383,000000000031
2022-05-02;109,49;4492,490000000031
2022-05-03;103,24;4595,7300000000305
2022-05-04;99,26;4694,990000000031
2022-05-05;0,0;4694,990000000031
2022-05-06;0,0;4694,990000000031
2022-05-07;0,0;4694,990000000031
2022-05-08;0,0;4694,990000000031
2022-05-09;0,0;4694,990000000031
2022-05-10;0,0;4694,990000000031
2022-05-11;0,0;4694,990000000031
2022-05-12;0,0;4694,990000000031
2022-05-13;0,0;4694,990000000031
2022-05-14;0,0;4694,990000000031
2022-05-15;0,0;4694,990000000031
2022-05-16;0,0;4694,990000000031
2022-05-17;0,0;4694,990000000031
2022-05-18;0,0;4694,990000000031
2022-05-19;0,0;4694,990000000031
2022-05-20;0,0;4694,990000000031
2022-05-21;0,0;4694,990000000031
2022-05-22;0,0;4694,990000000031
2022-05-23;0,0;4694,990000000031
2022-05-24;0,0;4694,990000000031
2022-05-25;0,0;4694,990000000031
2022-05-26;0,0;4694,990000000031
2022-05-27;129,7;4824,6900000000305
2022-05-28;0,0;4824,6900000000305
2022-05-29;0,0;4824,6900000000305
2022-05-30;0,0;4824,6900000000305
2022-05-31;0,0;4824,6900000000305
2022-06-01;0,0;4824,6900000000305
2022-06-02;109,49;4934,18000000003
2022-06-03;103,24;5037,42000000003
2022-06-04;99,26;5136,68000000003
2022-06-05;0,0;5136,68000000003
2022-06-06;0,0;5136,68000000003
2022-06-07;0,0;5136,68000000003
2022-06-08;0,0;5136,68000000003
2022-06-09;0,0;5136,68000000003
2022-06-10;0,0;5136,68000000003
2022-06-11;0,0;5136,68000000003
2022-06-12;0,0;5136,68000000003
2022-06-13;0,0;5136,68000000003
2022-06-14;0,0;5136,68000000003
2022-06-15;0,0;5136,68000000003
2022-06-16;0,0;5136,68000000003
2022-06-17;0,0;5136,68000000003
2022-06-18;0,0;5136,68000000003
2022-06-19;0,0;5136,68000000003
2022-06-20;0,0;5136,68000000003
2022-06-21;0,0;5136,68000000003
2022-06-22;0,0;5136,68000000003
2022-06-23;0,0;5136,68000000003
2022-06-24;0,0;5136,68000000003
2022-06-25;0,0;5136,68000000003
2022-06-26;0,0;5136,68000000003
2022-06-27;127,67;5264,35000000003
2022-06-28;0,0;5264,35000000003
2022-06-29;0,0;5264,35000000003
2022-06-30;0,0;5264,35000000003
2022-07-01;0,0;5264,35000000003
2022-07-02;109,49;5373,84000000003
2022-07-03;103,24;5477,08000000003
2022-07-04;49,63;5526,71000000003
2022-07-05;0,0;5526,71000000003
2022-07-06;0,0;5526,71000000003
2022-07-07;0,0;5526,71000000003
2022-07-08;0,0;5526,71000000003
2022-07-09;0,0;5526,71000000003
2022-07-10;0,0;5526,71000000003
2022-07-11;0,0;5526,71000000003
2022-07-12;0,0;5526,71000000003
2022-07-13;0,0;5526,71000000003
2022-07-14;0,0;5526,71000000003
2022-07-15;0,0;5526,71000000003
2022-07-16;0,0;5526,71000000003
2022-07-17;0,0;5526,71000000003
2022-07-18;0,0;5526,71000000003
2022-07-19;0,0;5526,71000000003
2022-07-20;0,0;5526,71000000003
2022-07-21;0,0;5526,71000000003
2022-07-22;0,0;5526,71000000003
2022-07-23;0,0;5526,71000000003
2022-07-24;0,0;5526,71000000003
2022-07-25;164,87;5691,58000000003
2022-07-26;0,0;5691,58000000003
2022-07-27;125,72;5817,30000000003
2022-07-28;0,0;5817,30000000003
2022-07-29;0,0;5817,30000000003
2022-07-30;0,0;5817,30000000003
2022-07-31;0,0;5817,30000000003
2022-08-01;0,0;5817,30000000003
2022-08-02;109,49;5926,79000000003
2022-08-03;103,24;6030,03000000003
2022-08-04;49,63;6079,66000000003
2022-08-05;0,0;6079,66000000003
2022-08-06;0,0;6079,66000000003
2022-08-07;0,0;6079,66000000003
2022-08-08;0,0;6079,66000000003
2022-08-09;0,0;6079,66000000003
2022-08-10;0,0;6079,66000000003
2022-08-11;0,0;6079,66000000003
2022-08-12;0,0;6079,66000000003
2022-08-13;0,0;6079,66000000003
2022-08-14;0,0;6079,66000000003
2022-08-15;0,0;6079,66000000003
2022-08-16;0,0;6079,66000000003
2022-08-17;0,0;6079,66000000003
2022-08-18;0,0;6079,66000000003
2022-08-19;0,0;6079,66000000003
2022-08-20;0,0;6079,66000000003
2022-08-21;0,0;6079,66000000003
2022-08-22;0,0;6079,66000000003
2022-08-23;0,0;6079,66000000003
2022-08-24;0,0;6079,66000000003
2022-08-25;0,0;6079,66000000003
2022-08-26;0,0;6079,66000000003
2022-08-27;123,75;6203,41000000003
2022-08-28;0,0;6203,41000000003
2022-08-29;0,0;6203,41000000003
2022-08-30;0,0;6203,41000000003
2022-08-31;0,0;6203,41000000003
2022-09-01;0,0;6203,41000000003
2022-09-02;109,49;6312,90000000003
2022-09-03;103,24;6416,140000000029
2022-09-04;99,26;6515,40000000003
2022-09-05;0,0;6515,40000000003
2022-09-06;0,0;6515,40000000003
2022-09-07;0,0;6515,40000000003
2022-09-08;0,0;6515,40000000003
2022-09-09;0,0;6515,40000000003
2022-09-10;0,0;6515,40000000003
2022-09-11;0,0;6515,40000000003
2022-09-12;0,0;6515,40000000003
2022-09-13;0,0;6515,40000000003
2022-09-14;0,0;6515,40000000003
2022-09-15;0,0;6515,40000000003
2022-09-16;0,0;6515,40000000003
2022-09-17;0,0;6515,40000000003
2022-09-18;0,0;6515,40000000003
2022-09-19;0,0;6515,40000000003
2022-09-20;0,0;6515,40000000003
2022-09-21;0,0;6515,40000000003
2022-09-22;0,0;6515,40000000003
2022-09-23;0,0;6515,40000000003
2022-09-24;0,0;6515,40000000003
2022-09-25;0,0;6515,40000000003
2022-09-26;0,0;6515,40000000003
2022-09-27;121,8;6637,20000000003
2022-09-28;0,0;6637,20000000003
2022-09-29;0,0;6637,20000000003
2022-09-30;0,0;6637,20000000003
2022-10-01;0,0;6637,20000000003
2022-10-02;109,49;6746,69000000003
2022-10-03;103,24;6849,930000000029
2022-10-04;99,26;6949,19000000003
2022-10-05;0,0;6949,19000000003
2022-10-06;0,0;6949,19000000003
2022-10-07;0,0;6949,19000000003
2022-10-08;0,0;6949,19000000003
2022-10-09;0,0;6949,19000000003
2022-10-10;0,0;6949,19000000003
2022-10-11;0,0;6949,19000000003
2022-10-12;0,0;6949,19000000003
2022-10-13;0,0;6949,19000000003
2022-10-14;0,0;6949,19000000003
2022-10-15;0,0;6949,19000000003
2022-10-16;0,0;6949,19000000003
2022-10-17;0,0;6949,19000000003
2022-10-18;0,0;6949,19000000003
2022-10-19;0,0;6949,19000000003
2022-10-20;0,0;6949,19000000003
2022-10-21;0,0;6949,19000000003
2022-10-22;0,0;6949,19000000003
2022-10-23;0,0;6949,19000000003
2022-10-24;0,0;6949,19000000003
2022-10-25;0,0;6949,19000000003
2022-10-26;0,0;6949,19000000003
2022-10-27;121,29;7070,48000000003
2022-10-28;0,0;7070,48000000003
2022-10-29;0,0;7070,48000000003
2022-10-30;0,0;7070,48000000003
2022-10-31;0,0;7070,48000000003
2022-11-01;0,0;7070,48000000003
2022-11-02;109,49;7179,970000000029
2022-11-03;103,24;7283,210000000029
2022-11-04;99,26;7382,470000000029
2022-11-05;0,0;7382,470000000029
2022-11-06;0,0;7382,470000000029
2022-11-07;0,0;7382,470000000029
2022-11-08;0,0;7382,470000000029
2022-11-09;0,0;7382,470000000029
2022-11-10;0,0;7382,470000000029
2022-11-11;0,0;7382,470000000029
2022-11-12;0,0;7382,470000000029
2022-11-13;0,0;7382,470000000029
2022-11-14;0,0;7382,470000000029
2022-11-15;0,0;7382,470000000029
2022-11-16;0,0;7382,470000000029
2022-11-17;0,0;7382,470000000029
2022-11-18;0,0;7382,470000000029
2022-11-19;0,0;7382,470000000029
2022-11-20;0,0;7382,470000000029
2022-11-21;0,0;7382,470000000029
2022-11-22;0,0;7382,470000000029
2022-11-23;0,0;7382,470000000029
2022-11-24;0,0;7382,470000000029
2022-11-25;0,0;7382,470000000029
2022-11-26;0,0;7382,470000000029
2022-11-27;118,06;7500,53000000003
2022-11-28;0,0;7500,53000000003
2022-11-29;0,0;7500,53000000003
2022-11-30;0,0;7500,53000000003
2022-12-01;0,0;7500,53000000003
2022-12-02;109,49;7610,0200000000295
2022-12-03;103,24;7713,260000000029
2022-12-04;99,26;7812,5200000000295
2022-12-05;0,0;7812,5200000000295
2022-12-06;0,0;7812,5200000000295
2022-12-07;0,0;7812,5200000000295
2022-12-08;0,0;7812,5200000000295
2022-12-09;0,0;7812,5200000000295
2022-12-10;0,0;7812,5200000000295
2022-12-11;0,0;7812,5200000000295
2022-12-12;0,0;7812,5200000000295
2022-12-13;0,0;7812,5200000000295
2022-12-14;0,0;7812,5200000000295
2022-12-15;0,0;7812,5200000000295
2022-12-16;0,0;7812,5200000000295
2022-12-17;0,0;7812,5200000000295
2022-12-18;0,0;7812,5200000000295
2022-12-19;0,0;7812,5200000000295
2022-12-20;0,0;7812,5200000000295
2022-12-21;0,0;7812,5200000000295
2022-12-22;0,0;7812,5200000000295
2022-12-23;0,0;7812,5200000000295
2022-12-24;0,0;7812,5200000000295
2022-12-25;0,0;7812,5200000000295
2022-12-26;0,0;7812,5200000000295
2022-12-27;117,0;7929,5200000000295
2022-12-28;0,0;7929,5200000000295
2022-12-29;0,0;7929,5200000000295
2022-12-30;0,0;7929,5200000000295
2022-12-31;0,0;7929,5200000000295
2023-01-01;0,0;7929,5200000000295
2023-01-02;109,49;8039,010000000029
2023-01-03;103,24;8142,250000000029
2023-01-04;99,26;8241,51000000003
2023-01-05;0,0;8241,51000000003
2023-01-06;0,0;8241,51000000003
2023-01-07;0,0;8241,51000000003
2023-01-08;0,0;8241,51000000003
2023-01-09;0,0;8241,51000000003
2023-01-10;0,0;8241,51000000003
2023-01-11;0,0;8241,51000000003
2023-01-12;0,0;8241,51000000003
2023-01-13;0,0;8241,51000000003
2023-01-14;0,0;8241,51000000003
2023-01-15;0,0;8241,51000000003
2023-01-16;0,0;8241,51000000003
2023-01-17;0,0;8241,51000000003
2023-01-18;0,0;8241,51000000003
2023-01-19;0,0;8241,51000000003
2023-01-20;0,0;8241,51000000003
2023-01-21;0,0;8241,51000000003
2023-01-22;0,0;8241,51000000003
2023-01-23;0,0;8241,51000000003
2023-01-24;0,0;8241,51000000003
2023-01-25;0,0;8241,51000000003
2023-01-26;0,0;8241,51000000003
2023-01-27;115,78;8357,29000000003
2023-01-28;0,0;8357,29000000003
2023-01-29;0,0;8357,29000000003
2023-01-30;0,0;8357,29000000003
2023-01-31;0,0;8357,29000000003
2023-02-01;0,0;8357,29000000003
2023-02-02;109,49;8466,78000000003
2023-02-03;103,24;8570,02000000003
2023-02-04;99,26;8669,28000000003
2023-02-05;0,0;8669,28000000003
2023-02-06;0,0;8669,28000000003
2023-02-07;0,0;8669,28000000003
2023-02-08;0,0;8669,28000000003
2023-02-09;0,0;8669,28000000003
2023-02-10;0,0;8669,28000000003
2023-02-11;0,0;8669,28000000003
2023-02-12;0,0;8669,28000000003
2023-02-13;0,0;8669,28000000003
2023-02-14;0,0;8669,28000000003
2023-02-15;0,0;8669,28000000003
2023-02-16;0,0;8669,28000000003
2023-02-17;0,0;8669,28000000003
2023-02-18;0,0;8669,28000000003
2023-02-19;0,0;8669,28000000003
2023-02-20;0,0;8669,28000000003
2023-02-21;0,0;8669,28000000003
2023-02-22;0,0;8669,28000000003
2023-02-23;0,0;8669,28000000003
2023-02-24;0,0;8669,28000000003
2023-02-25;0,0;8669,28000000003
2023-02-26;0,0;8669,28000000003
2023-02-27;113,98;8783,26000000003
2023-02-28;0,0;8783,26000000003
2023-03-01;0,0;8783,26000000003
2023-03-02;0,0;8783,26000000003
2023-03-03;103,24;8886,50000000003
2023-03-04;99,26;8985,76000000003
2023-03-05;0,0;8985,76000000003
2023-03-06;0,0;8985,76000000003
2023-03-07;0,0;8985,76000000003
2023-03-08;0,0;8985,76000000003
2023-03-09;0,0;8985,76000000003
2023-03-10;0,0;8985,76000000003
2023-03-11;0,0;8985,76000000003
2023-03-12;0,0;8985,76000000003
2023-03-13;0,0;8985,76000000003
2023-03-14;0,0;8985,76000000003
2023-03-15;0,0;8985,76000000003
2023-03-16;0,0;8985,76000000003
2023-03-17;0,0;8985,76000000003
2023-03-18;0,0;8985,76000000003
2023-03-19;0,0;8985,76000000003
2023-03-20;0,0;8985,76000000003
2023-03-21;0,0;8985,76000000003
2023-03-22;0,0;8985,76000000003
2023-03-23;0,0;8985,76000000003
2023-03-24;0,0;8985,76000000003
2023-03-25;0,0;8985,76000000003
2023-03-26;0,0;8985,76000000003
2023-03-27;112,38;9098,140000000029
2023-03-28;0,0;9098,140000000029
2023-03-29;0,0;9098,140000000029
2023-03-30;0,0;9098,140000000029
2023-03-31;0,0;9098,140000000029
2023-04-01;0,0;9098,140000000029
2023-04-02;0,0;9098,140000000029
2023-04-03;103,24;9201,380000000028
2023-04-04;99,26;9300,640000000029
2023-04-05;0,0;9300,640000000029
2023-04-06;0,0;9300,640000000029
2023-04-07;0,0;9300,640000000029
2023-04-08;0,0;9300,640000000029
2023-04-09;0,0;9300,640000000029
2023-04-10;0,0;9300,640000000029
2023-04-11;0,0;9300,640000000029
2023-04-12;0,0;9300,640000000029
2023-04-13;0,0;9300,640000000029
2023-04-14;0,0;9300,640000000029
2023-04-15;0,0;9300,640000000029
2023-04-16;0,0;9300,640000000029
2023-04-17;0,0;9300,640000000029
2023-04-18;0,0;9300,640000000029
2023-04-19;0,0;9300,640000000029
2023-04-20;0,0;9300,640000000029
2023-04-21;0,0;9300,640000000029
2023-04-22;0,0;9300,640000000029
2023-04-23;0,0;9300,640000000029
2023-04-24;0,0;9300,640000000029
2023-04-25;0,0;9300,640000000029
2023-04-26;0,0;9300,640000000029
2023-04-27;0,0;9300,640000000029
2023-04-28;0,0;9300,640000000029
2023-04-29;0,0;9300,640000000029
2023-04-30;0,0;9300,640000000029
2023-05-01;0,0;9300,640000000029
2023-05-02;0,0;9300,640000000029
2023-05-03;103,24;9403,880000000028
2023-05-04;99,26;9503,140000000029
2023-05-05;0,0;9503,140000000029
2023-05-06;0,0;9503,140000000029
2023-05-07;0,0;9503,140000000029
2023-05-08;0,0;9503,140000000029
2023-05-09;0,0;9503,140000000029
2023-05-10;0,0;9503,140000000029
2023-05-11;0,0;9503,140000000029
2023-05-12;0,0;9503,140000000029
2023-05-13;0,0;9503,140000000029
2023-05-14;0,0;9503,140000000029
2023-05-15;0,0;9503,140000000029
2023-05-16;0,0;9503,140000000029
2023-05-17;0,0;9503,140000000029
2023-05-18;0,0;9503,140000000029
2023-05-19;0,0;9503,140000000029
2023-05-20;0,0;9503,140000000029
2023-05-21;0,0;9503,140000000029
2023-05-22;0,0;9503,140000000029
2023-05-23;0,0;9503,140000000029
2023-05-24;0,0;9503,140000000029
2023-05-25;0,0;9503,140000000029
2023-05-26;0,0;9503,140000000029
2023-05-27;0,0;9503,140000000029
2023-05-28;0,0;9503,140000000029
2023-05-29;0,0;9503,140000000029
2023-05-30;0,0;9503,140000000029
2023-05-31;0,0;9503,140000000029
2023-06-01;0,0;9503,140000000029
2023-06-02;0,0;9503,140000000029
2023-06-03;103,24;9606,380000000028
2023-06-04;99,26;9705,640000000029
2023-06-05;0,0;9705,640000000029
2023-06-06;0,0;9705,640000000029
2023-06-07;0,0;9705,640000000029
2023-06-08;0,0;9705,640000000029
2023-06-09;0,0;9705,640000000029
2023-06-10;0,0;9705,640000000029
2023-06-11;0,0;9705,640000000029
2023-06-12;0,0;9705,640000000029
2023-06-13;0,0;9705,640000000029
2023-06-14;0,0;9705,640000000029
2023-06-15;0,0;9705,640000000029
2023-06-16;0,0;9705,640000000029
2023-06-17;0,0;9705,640000000029
2023-06-18;0,0;9705,640000000029
2023-06-19;0,0;9705,640000000029
2023-06-20;0,0;9705,640000000029
2023-06-21;0,0;9705,640000000029
2023-06-22;0,0;9705,640000000029
2023-06-23;0,0;9705,640000000029
2023-06-24;0,0;9705,640000000029
2023-06-25;0,0;9705,640000000029
2023-06-26;0,0;9705,640000000029
2023-06-27;0,0;9705,640000000029
2023-06-28;0,0;9705,640000000029
2023-06-29;0,0;9705,640000000029
2023-06-30;0,0;9705,640000000029
2023-07-01;0,0;9705,640000000029
2023-07-02;0,0;9705,640000000029
2023-07-03;103,24;9808,880000000028
2023-07-04;99,26;9908,140000000029
2023-07-05;0,0;9908,140000000029
2023-07-06;0,0;9908,140000000029
2023-07-07;0,0;9908,140000000029
2023-07-08;0,0;9908,140000000029
2023-07-09;0,0;9908,140000000029
2023-07-10;0,0;9908,140000000029
2023-07-11;0,0;9908,140000000029
2023-07-12;0,0;9908,140000000029
2023-07-13;0,0;9908,140000000029
2023-07-14;0,0;9908,140000000029
2023-07-15;0,0;9908,140000000029
2023-07-16;0,0;9908,140000000029
2023-07-17;0,0;9908,140000000029
2023-07-18;0,0;9908,140000000029
2023-07-19;0,0;9908,140000000029
2023-07-20;0,0;9908,140000000029
2023-07-21;0,0;9908,140000000029
2023-07-22;0,0;9908,140000000029
2023-07-23;0,0;9908,140000000029
2023-07-24;0,0;9908,140000000029
2023-07-25;0,0;9908,140000000029
2023-07-26;0,0;9908,140000000029
2023-07-27;0,0;9908,140000000029
2023-07-28;0,0;9908,140000000029
2023-07-29;0,0;9908,140000000029
2023-07-30;0,0;9908,140000000029
2023-07-31;0,0;9908,140000000029
2023-08-01;0,0;9908,140000000029
2023-08-02;0,0;9908,140000000029
2023-08-03;103,24;10011,380000000028
2023-08-04;99,26;10110,640000000029
2023-08-05;0,0;10110,640000000029
2023-08-06;0,0;10110,640000000029
2023-08-07;0,0;10110,640000000029
2023-08-08;0,0;10110,640000000029
2023-08-09;0,0;10110,640000000029
2023-08-10;0,0;10110,640000000029
2023-08-11;0,0;10110,640000000029
2023-08-12;0,0;10110,640000000029
2023-08-13;0,0;10110,640000000029
2023-08-14;0,0;10110,640000000029
2023-08-15;0,0;10110,640000000029
2023-08-16;0,0;10110,640000000029
2023-08-17;0,0;10110,640000000029
2023-08-18;0,0;10110,640000000029
2023-08-19;0,0;10110,640000000029
2023-08-20;0,0;10110,640000000029
2023-08-21;0,0;10110,640000000029
2023-08-22;0,0;10110,640000000029
2023-08-23;0,0;10110,640000000029
2023-08-24;0,0;10110,640000000029
2023-08-25;0,0;10110,640000000029
2023-08-26;0,0;10110,640000000029
2023-08-27;0,0;10110,640000000029
2023-08-28;0,0;10110,640000000029
2023-08-29;0,0;10110,640000000029
2023-08-30;0,0;10110,640000000029
2023-08-31;0,0;10110,640000000029
2023-09-01;0,0;10110,640000000029
2023-09-02;0,0;10110,640000000029
2023-09-03;103,24;10213,880000000028
2023-09-04;99,26;10313,140000000029
2023-09-05;0,0;10313,140000000029
2023-09-06;0,0;10313,140000000029
2023-09-07;0,0;10313,140000000029
2023-09-08;0,0;10313,140000000029
2023-09-09;0,0;10313,140000000029
2023-09-10;0,0;10313,140000000029
2023-09-11;0,0;10313,140000000029
2023-09-12;0,0;10313,140000000029
2023-09-13;0,0;10313,140000000029
2023-09-14;0,0;10313,140000000029
2023-09-15;0,0;10313,140000000029
2023-09-16;0,0;10313,140000000029
2023-09-17;0,0;10313,140000000029
2023-09-18;0,0;10313,140000000029
2023-09-19;0,0;10313,140000000029
2023-09-20;0,0;10313,140000000029
2023-09-21;0,0;10313,140000000029
2023-09-22;0,0;10313,140000000029
2023-09-23;0,0;10313,140000000029
2023-09-24;0,0;10313,140000000029
2023-09-25;0,0;10313,140000000029
2023-09-26;0,0;10313,140000000029
2023-09-27;0,0;10313,140000000029
2023-09-28;0,0;10313,140000000029
2023-09-29;0,0;10313,140000000029
2023-09-30;0,0;10313,140000000029
2023-10-01;0,0;10313,140000000029
2023-10-02;0,0;10313,140000000029
2023-10-03;0,0;10313,140000000029
2023-10-04;99,26;10412,400000000029
2023-10-05;0,0;10412,400000000029
2023-10-06;0,0;10412,400000000029
2023-10-07;0,0;10412,400000000029
2023-10-08;0,0;10412,400000000029
2023-10-09;0,0;10412,400000000029
2023-10-10;0,0;10412,400000000029
2023-10-11;0,0;10412,400000000029
2023-10-12;0,0;10412,400000000029
2023-10-13;0,0;10412,400000000029
2023-10-14;0,0;10412,400000000029
2023-10-15;0,0;10412,400000000029
2023-10-16;0,0;10412,400000000029
2023-10-17;0,0;10412,400000000029
2023-10-18;0,0;10412,400000000029
2023-10-19;0,0;10412,400000000029
2023-10-20;0,0;10412,400000000029
2023-10-21;0,0;10412,400000000029
2023-10-22;0,0;10412,400000000029
2023-10-23;0,0;10412,400000000029
2023-10-24;0,0;10412,400000000029
2023-10-25;0,0;10412,400000000029
2023-10-26;0,0;10412,400000000029
2023-10-27;0,0;10412,400000000029
2023-10-28;0,0;10412,400000000029
2023-10-29;0,0;10412,400000000029
2023-10-30;0,0;10412,400000000029
2023-10-31;0,0;10412,400000000029
2023-11-01;0,0;10412,400000000029
2023-11-02;0,0;10412,400000000029
2023-11-03;0,0;10412,400000000029
2023-11-04;55,2;10467,60000000003
2023-11-05;0,0;10467,60000000003
2023-11-06;0,0;10467,60000000003
2023-11-07;0,0;10467,60000000003
2023-11-08;0,0;10467,60000000003
2023-11-09;0,0;10467,60000000003
2023-11-10;0,0;10467,60000000003
2023-11-11;0,0;10467,60000000003
2023-11-12;0,0;10467,60000000003
2023-11-13;0,0;10467,60000000003
2023-11-14;0,0;10467,60000000003
2023-11-15;0,0;10467,60000000003
2023-11-16;0,0;10467,60000000003
2023-11-17;0,0;10467,60000000003
2023-11-18;0,0;10467,60000000003
2023-11-19;0,0;10467,60000000003
2023-11-20;0,0;10467,60000000003
2023-11-21;0,0;10467,60000000003
2023-11-22;0,0;10467,60000000003
2023-11-23;0,0;10467,60000000003
2023-11-24;0,0;10467,60000000003
2023-11-25;0,0;10467,60000000003
2023-11-26;0,0;10467,60000000003
2023-11-27;0,0;10467,60000000003
2023-11-28;0,0;10467,60000000003
2023-11-29;0,0;10467,60000000003
2023-11-30;0,0;10467,60000000003
2023-12-01;0,0;10467,60000000003
2023-12-02;0,0;10467,60000000003
2023-12-03;0,0;10467,60000000003
2023-12-04;55,2;10522,80000000003
